"https://uk.indeed.com/viewjob?jk=f68bc59bc3468b6f&fccid=c4fbc8d763b3f3b5&amp;vjs=3"""
"https://uk.indeed.com/viewjob?jk=a63a8833441a782f&fccid=f9150bf1eb5d9bf0&amp;vjs=3"""
"https://uk.indeed.com/viewjob?jk=df23a3af8a430752&fccid=905fad9ea7bd01a4&amp;vjs=3"""
"https://uk.indeed.com/viewjob?jk=a252db43389d0325&fccid=2cdda4b7d766b1a4&amp;vjs=3"""
"https://uk.indeed.com/company/Associated-British-Ports/jobs/GIS-Analyst-d4d6896a06978d5f?fccid=1c6280d095d7a0ad&vjs=3""viewjob"
"https://uk.indeed.com/viewjob?jk=0119ed012396182e&fccid=6e0e191faae4949f&amp;vjs=3"""
"https://uk.indeed.com/viewjob?jk=127705164198297c&fccid=dacddaa4d49537d8&amp;vjs=3"""
"https://uk.indeed.com/viewjob?jk=4db5a0d27927f9ca&fccid=0ba57902938c9384&amp;vjs=3"""
"https://uk.indeed.com/viewjob?jk=598204efcde0dffd&fccid=a3840954aa4f192d&amp;vjs=3"""
"https://uk.indeed.com/viewjob?jk=ed6cddd3376cdb79&fccid=21bb811abc2058c6&amp;vjs=3"""
"https://uk.indeed.com/company/Lucid-Recruitment/jobs/Data-Analyst-97c3f1f65b26cb3e?fccid=9bb082ac8ef71aba&vjs=3""viewjob"
"https://uk.indeed.com/viewjob?jk=333c2af0d1d0b8a2&fccid=e73dae39b224d824&amp;vjs=3"""
"https://uk.indeed.com/viewjob?jk=4080da0310c45ecb&fccid=39cdc80b98113925&amp;vjs=3"""
"https://uk.indeed.com/viewjob?jk=a1b96b6e15e926c5&fccid=0933e2ea1045f5a3&amp;vjs=3"""
"https://uk.indeed.com/viewjob?jk=99fae836726cbdca&fccid=3e3adf08bc54318d&amp;vjs=3"""
"https://uk.indeed.com/viewjob?jk=5984d6e7a096add6&fccid=64c76e512365bea7&amp;vjs=3"""
"https://uk.indeed.com/viewjob?jk=3ab96be7673a2d49&fccid=46107d46d6da4f9c&amp;vjs=3"""
"https://uk.indeed.com/viewjob?jk=ae8922278f1f99d5&fccid=77087bd1709a8148&amp;vjs=3"""
"https://uk.indeed.com/viewjob?jk=6484a9a110ab3bc9&fccid=205ea3c7bb05cefa&amp;vjs=3"""
"https://uk.indeed.com/viewjob?jk=6c660672e097e86a&fccid=fc71eac1973771a1&amp;vjs=3"""
"https://uk.indeed.com/viewjob?jk=4312260ca2c54230&fccid=f987e153f0ca5c3c&amp;vjs=3"""
"https://uk.indeed.com/viewjob?jk=4c6f9d67c0dcec3e&fccid=d72eb0548d91249c&amp;vjs=3"""
"https://uk.indeed.com/company/Elvie/jobs/Business-Intelligence-Analyst-Engineer-d3bc38b1da3c6af2?fccid=d580898ff6e500c4&vjs=3""viewjob"
"https://uk.indeed.com/viewjob?jk=bf85ac97317856d7&fccid=851a4b06a2d4f93d&amp;vjs=3"""
"https://uk.indeed.com/viewjob?jk=8a75a41ce12fcf33&fccid=8f3114306880a2ec&amp;vjs=3"""
"https://uk.indeed.com/viewjob?jk=360c36e59fa97bd4&fccid=42c8af7e81ca14dd&amp;vjs=3"""
"https://uk.indeed.com/viewjob?jk=52c070e7d7341f67&fccid=c720b1ed16ad4b15&amp;vjs=3"""
"https://uk.indeed.com/viewjob?jk=0ec3c3398a491120&fccid=4750270b54a3ffc8&amp;vjs=3"""
"https://uk.indeed.com/viewjob?jk=c2b88523b68554b7&fccid=2ada0ec0fc223115&amp;vjs=3"""
"https://uk.indeed.com/pagead/clk?mo=r&ad=-6NYlbfkN0COyt3Ld6eMnzOtLRxUXmy2CgjUn1axdgi1mqHx6dbMAej06-CL0mIKDuk5kcha22XYiZ_ecLxgTwI0DRr-tG1HHweHI_x1bvJ42CaLq3B30eqEBSFDYYqwY-DX-bEqhIoY80OYZV-g45xRKfWD4wG9ltLu-KR3EmQ68_kL0tFi7Z6T63mxkOoDiyzfE4GvTMfrljDOsDIF-GB46No3ES4XIEp937q6bZqquJNhnr-Q9CXS-T82_naj7ZHL5KW7I15NXo7XKB5bwlsp1Vm47IsRgId-fW1vXFxl0PgfX8B0o6hz7RyRi3iUjuVUTj8RUww3MAleDvXeGJn6X146RkdIT5cQgHb_nUOwZHbmA3aMfq2BjFmJT_uistJtp4xWweoNdRhWZL2MhAkNJpq2Ah4TFDf-4GA2uJoEhuVS8QS4_eMez6YdwdERvADyF6QK4vWcswGpEVEwwsHdbDEiYPGhQSlZTbD19x4SDf25dBn9V_LeMEtoNVwJbP-GdPmBMrRotHnXfnPm9G0F_LLpvAB0NbXTPaDvSciHbFz8AERkFISm06_zZ2vQt0sENs0qTzjj4KEslPdwKa3f9ttAS7hiSjNnWIIUdg5gnepdUBbTrYUQSDchR1HogO7BqdxHP2cXubMAvGhSfS-qipV8wqX4rSukbXLOJVQchywjVkBlBv-KqxBrQ_xxuc7PwVDXfkavvP-r-2eq2HfTCNpD4cirQ8jShFtiNS-mLw4xrHmdkw==&amp;p=14&amp;fvj=0&amp;vjs=3""viewjob"
"https://uk.indeed.com/viewjob?jk=06281dbeb0a706ab&fccid=913184ba3ef351a2&amp;vjs=3"""
"https://uk.indeed.com/viewjob?jk=26433de42e4467d0&fccid=1e8268e0b41349d6&amp;vjs=3"""
"https://uk.indeed.com/viewjob?jk=550618a1082c88f7&fccid=fd8cda73a7fe0af3&amp;vjs=3"""
"https://uk.indeed.com/viewjob?jk=3899c80874b5f488&fccid=9e215d88a6b33622&amp;vjs=3"""
"https://uk.indeed.com/company/Gios-technologies/jobs/Junior-Data-Analyst-191040e6268d43db?fccid=87c2f93d167d9805&vjs=3""viewjob"
"https://uk.indeed.com/viewjob?jk=fd2103920a0186ef&fccid=279755ee469e467a&amp;vjs=3"""
"https://uk.indeed.com/viewjob?jk=c0846a00ea925852&fccid=5a24025f2ddb4012&amp;vjs=3"""
"https://uk.indeed.com/company/Legal-recruitment/jobs/Data-Analyst-f5d53d28cb3c1257?fccid=92bb098ed65e4c4d&vjs=3""viewjob"
"https://uk.indeed.com/company/Ofgem/jobs/Diversity-Inclusion-Data-Analyst-6f2508d770da5694?fccid=c1e2ea4c9162208f&vjs=3""viewjob"
"https://uk.indeed.com/viewjob?jk=12e4f832549e9645&fccid=5e09fe1d8b7aaed9&amp;vjs=3"""
"https://uk.indeed.com/company/Reconomy/jobs/Data-Analyst-2744c39e56f05df6?fccid=0b5dc3103e41a07a&vjs=3""viewjob"
"https://uk.indeed.com/viewjob?jk=995498be02f21e21&fccid=105ecfd0283f415f&amp;vjs=3"""
"https://uk.indeed.com/company/Dermalogica/jobs/Operation-Analyst-0b30f6f294195edc?fccid=72f866b0472f5398&vjs=3""viewjob"
"https://uk.indeed.com/viewjob?jk=78e8d623b23c0ed9&fccid=66510c97e3970bde&amp;vjs=3"""
"https://uk.indeed.com/viewjob?jk=d04fe170d50a9559&fccid=8b21fd09496ad42f&amp;vjs=3"""
"https://uk.indeed.com/viewjob?jk=78e8d623b23c0ed9&fccid=66510c97e3970bde&amp;vjs=3"""
"https://uk.indeed.com/viewjob?jk=d04fe170d50a9559&fccid=8b21fd09496ad42f&amp;vjs=3"""
"https://uk.indeed.com/viewjob?jk=7dae3a5c74b13393&fccid=1d82c3073b6e8b3f&amp;vjs=3"""
"https://uk.indeed.com/company/RSA/jobs/Business-Analyst-003282275c9534f9?fccid=acc8fe57d3cc0fe9&vjs=3""viewjob"
"https://uk.indeed.com/viewjob?jk=92573ba56afc9e1a&fccid=a0bedfafc8a9c128&amp;vjs=3"""
"https://uk.indeed.com/viewjob?jk=b925ad3c4ebe4574&fccid=8881f7f9e22de728&amp;vjs=3"""
"https://uk.indeed.com/viewjob?jk=0869ed3979cfb065&fccid=73cb1b1985c27a47&amp;vjs=3"""
"https://uk.indeed.com/viewjob?jk=c4e89b9995fa7752&fccid=83d31777c4c76bcf&amp;vjs=3"""
"https://uk.indeed.com/company/Forfirm/jobs/Business-Intelligence-Analyst-fbc87cc35f754601?fccid=0260c95f47566c6d&vjs=3""viewjob"
"https://uk.indeed.com/company/Spinwell-Global/jobs/Assistant-Performance-Information-Analyst-7aa93aba0d85b10b?fccid=059e43f88dd1263c&vjs=3""viewjob"
"https://uk.indeed.com/viewjob?jk=a60bd9cc789fcac2&fccid=231c81d7782c6a21&amp;vjs=3"""
"https://uk.indeed.com/company/Easee/jobs/Business-System-Analyst-dbb9febaf190a215?fccid=195dde99eb96e9fa&vjs=3""viewjob"
"https://uk.indeed.com/company/Spinwell-Global/jobs/Senior-Procurement-Analyst-e340862439802ca4?fccid=059e43f88dd1263c&vjs=3""viewjob"
"https://uk.indeed.com/viewjob?jk=247dbb4799f8db4e&fccid=89bbcc7d180361c5&amp;vjs=3"""
"https://uk.indeed.com/viewjob?jk=5d414d59efb9ad9a&fccid=cbf7c87b1ccf4a6c&amp;vjs=3"""
"https://uk.indeed.com/viewjob?jk=e51d449548ac6560&fccid=6a1713b57d786b2e&amp;vjs=3"""
"https://uk.indeed.com/viewjob?jk=027f4d74f8cb8f17&fccid=1544766d4c2915b0&amp;vjs=3"""
"https://uk.indeed.com/company/TBC/jobs/Business-Intelligence-Developer-ba84c61e1f14a035?fccid=6a534d891ca33444&vjs=3""viewjob"
"https://uk.indeed.com/viewjob?jk=9f0819a0364d1af7&fccid=722830478ade13e6&amp;vjs=3"""
"https://uk.indeed.com/company/Velo-Solutions/jobs/Technical-Business-Analyst-e2b1484493d08f80?fccid=b4bd85cad46128f2&vjs=3""viewjob"
"https://uk.indeed.com/company/My-Future-Prospects/jobs/Senior-Business-Analyst-Designer-b2b758b8bf449e05?fccid=981a6a92a96381f1&vjs=3""viewjob"
"https://uk.indeed.com/viewjob?jk=2cdb82d625de1475&fccid=a0c60ffc6f8777d9&amp;vjs=3"""
"https://uk.indeed.com/viewjob?jk=abd0f05e138d55d6&fccid=5e964c4afc56b180&amp;vjs=3"""
"https://uk.indeed.com/company/Easee/jobs/Business-System-Analyst-977a4ed318f7f38f?fccid=195dde99eb96e9fa&vjs=3""viewjob"
"https://uk.indeed.com/viewjob?jk=ba418db3e2d011c3&fccid=880e4714f2ad94a8&amp;vjs=3"""
"https://uk.indeed.com/viewjob?jk=8ec18a745ee517c0&fccid=a0c60ffc6f8777d9&amp;vjs=3"""
"https://uk.indeed.com/viewjob?jk=f279e9ef39547aab&fccid=1544766d4c2915b0&amp;vjs=3"""
"https://uk.indeed.com/viewjob?jk=95236003712a0dde&fccid=f1d8e147024abb3f&amp;vjs=3"""
"https://uk.indeed.com/viewjob?jk=772baa8502c86ffb&fccid=f1d8e147024abb3f&amp;vjs=3"""
"https://uk.indeed.com/company/Spectrum-Recruitment/jobs/Senior-IT-Analyst-fa7030323977d719?fccid=c2d1b0769a534b4d&vjs=3""viewjob"
"https://uk.indeed.com/viewjob?jk=b36f370511f78e3c&fccid=883eca69780bf159&amp;vjs=3"""
"https://uk.indeed.com/viewjob?jk=9e45571c69becc7d&fccid=9353252f275fbb30&amp;vjs=3"""
"https://uk.indeed.com/viewjob?jk=f6468e08d23f4d4c&fccid=7ff126af0cd3d93b&amp;vjs=3"""
"https://uk.indeed.com/viewjob?jk=debc9abef52ed1f5&fccid=aaf3b433897ea465&amp;vjs=3"""
"https://uk.indeed.com/viewjob?jk=96f29bd0a9c7dd09&fccid=aaf3b433897ea465&amp;vjs=3"""
"https://uk.indeed.com/viewjob?jk=97da38168d0ac7bc&fccid=808f94192015f24a&amp;vjs=3"""
"https://uk.indeed.com/viewjob?jk=e644f915064a5250&fccid=aaf3b433897ea465&amp;vjs=3"""
"https://uk.indeed.com/viewjob?jk=32cc4199570eeac7&fccid=d72eb0548d91249c&amp;vjs=3"""
"https://uk.indeed.com/viewjob?jk=f285320c6911869b&fccid=8ef4fa42d160b676&amp;vjs=3"""
"https://uk.indeed.com/viewjob?jk=ca1d641c38cd3e45&fccid=aaf3b433897ea465&amp;vjs=3"""
"https://uk.indeed.com/viewjob?jk=121d71313d0036ae&fccid=ca405b03ba8d105e&amp;vjs=3"""
"https://uk.indeed.com/viewjob?jk=9ff8a06bc01e8b59&fccid=d72eb0548d91249c&amp;vjs=3"""
"https://uk.indeed.com/viewjob?jk=45fdbadaf627c82c&fccid=06206ab329e0eb22&amp;vjs=3"""
"https://uk.indeed.com/viewjob?jk=2dc600651f9b0577&fccid=dd616958bd9ddc12&amp;vjs=3"""
"https://uk.indeed.com/viewjob?jk=525ea2520645fcf5&fccid=aaf3b433897ea465&amp;vjs=3"""
"https://uk.indeed.com/viewjob?jk=e644f915064a5250&fccid=aaf3b433897ea465&amp;vjs=3"""
"https://uk.indeed.com/viewjob?jk=08a02b16a786d0cb&fccid=d72eb0548d91249c&amp;vjs=3"""
"https://uk.indeed.com/company/Solve-Recruitment/jobs/Billing-Analyst-9670cf693ac285cc?fccid=7268f9083861e9bf&vjs=3""viewjob"
"https://uk.indeed.com/viewjob?jk=7e7ed209e7f4e39c&fccid=aaf3b433897ea465&amp;vjs=3"""
"https://uk.indeed.com/viewjob?jk=25713b9b002e827f&fccid=bd415e9cad7dc966&amp;vjs=3"""
"https://uk.indeed.com/company/DDS-International-Limited/jobs/Data-Analyst-afb8c8f9bef1a514?fccid=6e84a4be262d88a7&vjs=3""viewjob"
"https://uk.indeed.com/viewjob?jk=9f193f0bdb03246c&fccid=b86ab6f45489669c&amp;vjs=3"""
"https://uk.indeed.com/viewjob?jk=9c1809405a3f2e8d&fccid=3e8af96829591e84&amp;vjs=3"""
"https://uk.indeed.com/viewjob?jk=f02a97c991eee660&fccid=af71a6588c8456d3&amp;vjs=3"""
"https://uk.indeed.com/viewjob?jk=693ccb8bd2493116&fccid=bd415e9cad7dc966&amp;vjs=3"""
"https://uk.indeed.com/viewjob?jk=76fc58a1bfb49169&fccid=e73dae39b224d824&amp;vjs=3"""
"https://uk.indeed.com/viewjob?jk=f435b2a8490b1428&fccid=20b697af2103a06d&amp;vjs=3"""
"https://uk.indeed.com/viewjob?jk=8a2130b30bcbb479&fccid=57b8d5784f642e3b&amp;vjs=3"""
"https://uk.indeed.com/viewjob?jk=792634caaeb6a796&fccid=0b9c392ee877ecc9&amp;vjs=3"""
"https://uk.indeed.com/viewjob?jk=8e4c2c1bf895e205&fccid=5c1f8ab0b41ffd09&amp;vjs=3"""
"https://uk.indeed.com/viewjob?jk=9cb9879d53c8fa05&fccid=5bd33d1ee27c636a&amp;vjs=3"""
"https://uk.indeed.com/company/Optimum-Patient-Care-Global/jobs/Senior-Data-Analyst-a9279f09338a859f?fccid=ea99772a0dca4625&vjs=3""viewjob"
"https://uk.indeed.com/company/WaterAid/jobs/Business-Insight-Analyst-5fdd6366f457c03c?fccid=49cd6df42d501860&vjs=3""viewjob"
"https://uk.indeed.com/viewjob?jk=65a1bcc9812c4539&fccid=7edb713690a34aa9&amp;vjs=3"""
"https://uk.indeed.com/viewjob?jk=565056d6b35d97ab&fccid=41efee7a75ff4c5e&amp;vjs=3"""
"https://uk.indeed.com/viewjob?jk=d8db00f3b0c7ffed&fccid=745d6255f659cf8d&amp;vjs=3"""
"https://uk.indeed.com/viewjob?jk=0ec20e405e91aded&fccid=7edb713690a34aa9&amp;vjs=3"""
"https://uk.indeed.com/viewjob?jk=fe1647f25b768d5f&fccid=fd8cda73a7fe0af3&amp;vjs=3"""
"https://uk.indeed.com/viewjob?jk=ea3801e3b73222cf&fccid=30f67192d8ed7132&amp;vjs=3"""
"https://uk.indeed.com/viewjob?jk=b8411d3277d6f2d5&fccid=959357dce4ff236b&amp;vjs=3"""
"https://uk.indeed.com/viewjob?jk=a13af2703baf3b82&fccid=a3f737e511d9fc8c&amp;vjs=3"""
"https://uk.indeed.com/viewjob?jk=855c1358180efd62&fccid=6bb4fc4a8a4cb4d9&amp;vjs=3"""
"https://uk.indeed.com/viewjob?jk=1be99562e23b446e&fccid=9349cb4eea770eba&amp;vjs=3"""
"https://uk.indeed.com/viewjob?jk=166f892665dff53a&fccid=75a3a5a15b202084&amp;vjs=3"""
"https://uk.indeed.com/company/Consumer-Intelligence/jobs/Insight-Analyst-11272aa101cec7d2?fccid=30b16c65073950cf&vjs=3""viewjob"
"https://uk.indeed.com/viewjob?jk=966c7c1040dc28e9&fccid=72cc9e8be8c2244a&amp;vjs=3"""
"https://uk.indeed.com/viewjob?jk=e32f7e81601ee557&fccid=e3c885056d47c22b&amp;vjs=3"""
"https://uk.indeed.com/viewjob?jk=2a29ee9cf4a94189&fccid=b2debea9933d1ff1&amp;vjs=3"""
"https://uk.indeed.com/viewjob?jk=ff35527fb3327287&fccid=5734e3d63c31a5ac&amp;vjs=3"""
"https://uk.indeed.com/viewjob?jk=37b7392ea094db81&fccid=1d79a4290fb70d8e&amp;vjs=3"""
"https://uk.indeed.com/viewjob?jk=dfb017aea6d987cf&fccid=4b2339986830011b&amp;vjs=3"""
"https://uk.indeed.com/viewjob?jk=ff58089e2c461781&fccid=1dd6479bce1f7f29&amp;vjs=3"""
"https://uk.indeed.com/viewjob?jk=8a929c5607d394ad&fccid=dd616958bd9ddc12&amp;vjs=3"""
"https://uk.indeed.com/viewjob?jk=e2d15fbb037be96c&fccid=57438535c8d8d07a&amp;vjs=3"""
"https://uk.indeed.com/viewjob?jk=a5cea6185bca3761&fccid=1ea0475711674f3b&amp;vjs=3"""
"https://uk.indeed.com/viewjob?jk=18b59db4511b4ac8&fccid=bdb40eddf2923aa6&amp;vjs=3"""
"https://uk.indeed.com/viewjob?jk=7fbdea206ebc7e13&fccid=9a92a4bf81326e1e&amp;vjs=3"""
"https://uk.indeed.com/viewjob?jk=298b8b4a890b78c3&fccid=a369a50bd146d08d&amp;vjs=3"""
"https://uk.indeed.com/viewjob?jk=432d872d37828681&fccid=3919eaa5e685730d&amp;vjs=3"""
"https://uk.indeed.com/viewjob?jk=f8315b69e4480ce2&fccid=29ddf20eb2a81262&amp;vjs=3"""
"https://uk.indeed.com/viewjob?jk=a704f645137c371e&fccid=a8160764c6b93bba&amp;vjs=3"""
"https://uk.indeed.com/viewjob?jk=3721cfde35884d87&fccid=1544766d4c2915b0&amp;vjs=3"""
"https://uk.indeed.com/viewjob?jk=d7fe2c457b347db6&fccid=cbf7c87b1ccf4a6c&amp;vjs=3"""
"https://uk.indeed.com/viewjob?jk=4f9ac9b65b2df9cb&fccid=898915f4cc509d70&amp;vjs=3"""
"https://uk.indeed.com/viewjob?jk=ec311d45ad843ead&fccid=db1366ca6b8f0a2d&amp;vjs=3"""
"https://uk.indeed.com/viewjob?jk=7e4ffdf0d82f9b1a&fccid=80387c4155b77e80&amp;vjs=3"""
"https://uk.indeed.com/viewjob?jk=aeda29bdbe7bebeb&fccid=77e63a92662735c7&amp;vjs=3"""
"https://uk.indeed.com/viewjob?jk=8cafca956d4f5e90&fccid=464f02dd1075f5a5&amp;vjs=3"""
"https://uk.indeed.com/viewjob?jk=818b19212224d8a5&fccid=587a90c72514ac83&amp;vjs=3"""
"https://uk.indeed.com/viewjob?jk=10adc84dc16f5110&fccid=a089b84e7894d971&amp;vjs=3"""
"https://uk.indeed.com/viewjob?jk=e5fa52e56818ca14&fccid=7f77a81c51eff3c2&amp;vjs=3"""
"https://uk.indeed.com/viewjob?jk=2879ec4b9c353b53&fccid=a369a50bd146d08d&amp;vjs=3"""
"https://uk.indeed.com/viewjob?jk=22defce0ecc48263&fccid=464f02dd1075f5a5&amp;vjs=3"""
"https://uk.indeed.com/viewjob?jk=54b99f896678d7a2&fccid=2fe5bdb74ccda2ee&amp;vjs=3"""
"https://uk.indeed.com/viewjob?jk=2a1afbdf4b3b0293&fccid=aaf3b433897ea465&amp;vjs=3"""
